[{"assets":[],"native":[],"permissions":["android.permission.ACCESS_FINE_LOCATION","android.permission.VIBRATE","android.permission.MODIFY_AUDIO_SETTINGS","android.permission.CAMERA","android.permission.RECORD_AUDIO","android.permission.WRITE_EXTERNAL_STORAGE","android.permission.ACCESS_DOWNLOAD_MANAGER"],"activities":["<activity android:name=\"com.sunny.CustomWebView.WebActivity\">\n      <intent-filter >\n        <action android:name=\"android.intent.action.VIEW\"/>\n        <category android:name=\"android.intent.category.DEFAULT\"/>\n        <category android:name=\"android.intent.category.BROWSABLE\"/>\n        <data android:scheme=\"http\"/>\n        <data android:scheme=\"https\"/>\n    <\/intent-filter>\n      <intent-filter >\n        <action android:name=\"android.intent.action.VIEW\"/>\n        <category android:name=\"android.intent.category.DEFAULT\"/>\n        <category android:name=\"android.intent.category.BROWSABLE\"/>\n        <data android:scheme=\"http\"/>\n        <data android:scheme=\"https\"/>\n        <data android:mimeType=\"text/html\"/>\n        <data android:mimeType=\"text/plain\"/>\n        <data android:mimeType=\"application/xhtml+xml\"/>\n    <\/intent-filter>\n    <\/activity>\n"],"broadcastReceivers":[],"broadcastReceiver":[],"libraries":[],"type":"com.sunny.CustomWebView.CustomWebView","androidMinSdk":["7"]}]