[{
 "categoryString": "EXTENSION",
 "dateBuilt": "2020-08-07T18:41:08+0530",
 "nonVisible": "true",
 "iconName": "https://res.cloudinary.com/dluhwmiwm/image/upload/v1545063005/ic.png",
 "methods": [
  {
   "deprecated": "false",
   "name": "Add_Overlay",
   "description": "Method for Add_Overlay",
   "params": [
    {
     "name": "component",
     "type": "component"
    },
    {
     "name": "Gravity",
     "type": "text"
    }
   ]
  },
  {
   "deprecated": "false",
   "name": "Automatic",
   "description": "Method for Automatic",
   "params": [],
   "returnType": "number"
  },
  {
   "deprecated": "false",
   "name": "Fill_Parent",
   "description": "Method for Fill_Parent",
   "params": [],
   "returnType": "number"
  },
  {
   "deprecated": "false",
   "name": "Overlay_Layout",
   "description": "Method for Overlay_Layout",
   "params": [
    {
     "name": "component",
     "type": "component"
    },
    {
     "name": "height",
     "type": "number"
    },
    {
     "name": "width",
     "type": "number"
    }
   ]
  }
 ],
 "blockProperties": [
  {
   "rw": "read-only",
   "deprecated": "false",
   "name": "BOTTOM",
   "description": "",
   "type": "text"
  },
  {
   "rw": "read-only",
   "deprecated": "false",
   "name": "BUTTOM_CENTER",
   "description": "",
   "type": "text"
  },
  {
   "rw": "read-only",
   "deprecated": "false",
   "name": "BUTTOM_LEFT",
   "description": "",
   "type": "text"
  },
  {
   "rw": "read-only",
   "deprecated": "false",
   "name": "BUTTOM_RIGHT",
   "description": "",
   "type": "text"
  },
  {
   "rw": "read-only",
   "deprecated": "false",
   "name": "CENTER",
   "description": "",
   "type": "text"
  },
  {
   "rw": "read-only",
   "deprecated": "false",
   "name": "END",
   "description": "",
   "type": "text"
  },
  {
   "rw": "read-only",
   "deprecated": "false",
   "name": "LEFT",
   "description": "",
   "type": "text"
  },
  {
   "rw": "read-only",
   "deprecated": "false",
   "name": "LEFT_CENTER",
   "description": "",
   "type": "text"
  },
  {
   "rw": "read-only",
   "deprecated": "false",
   "name": "RIGHT",
   "description": "",
   "type": "text"
  },
  {
   "rw": "read-only",
   "deprecated": "false",
   "name": "RIGHT_CENTER",
   "description": "",
   "type": "text"
  },
  {
   "rw": "read-only",
   "deprecated": "false",
   "name": "START",
   "description": "",
   "type": "text"
  },
  {
   "rw": "read-only",
   "deprecated": "false",
   "name": "TOP",
   "description": "",
   "type": "text"
  },
  {
   "rw": "read-only",
   "deprecated": "false",
   "name": "TOP_CENTER",
   "description": "",
   "type": "text"
  },
  {
   "rw": "read-only",
   "deprecated": "false",
   "name": "TOP_LEFT",
   "description": "",
   "type": "text"
  },
  {
   "rw": "read-only",
   "deprecated": "false",
   "name": "TOP_RIGHT",
   "description": "",
   "type": "text"
  }
 ],
 "helpUrl": "",
 "type": "yt.DeepHost.Overlay_Layout.Overlay_Layout",
 "androidMinSdk": 7,
 "version": "1",
 "external": "true",
 "showOnPalette": "true",
 "name": "Overlay_Layout",
 "helpString": "<p>Overlay Layout Extension<br><br> <a href = \"https://www.youtube.com/c/DeepHost\" target = \"_blank\">Youtube Channel Link<\/a> <\/a><\/p>",
 "properties": [],
 "events": []
}]