[{
 "categoryString": "EXTENSION",
 "dateBuilt": "2020-06-28T14:45:39-0300",
 "nonVisible": "true",
 "iconName": "aiwebres/icon.png",
 "methods": [
  {
   "deprecated": "false",
   "name": "CheckDrawOverlayPermission",
   "description": "Checks whether the overlay permission is active.",
   "params": [],
   "returnType": "boolean"
  },
  {
   "deprecated": "false",
   "name": "DismissViewFloating",
   "description": "Hides the floating component.",
   "params": []
  },
  {
   "deprecated": "false",
   "name": "GetPositionX",
   "description": "Gets the X coordinate that the floating view is in.",
   "params": [],
   "returnType": "number"
  },
  {
   "deprecated": "false",
   "name": "GetPositionY",
   "description": "Gets the Y coordinate that the floating view is in.",
   "params": [],
   "returnType": "number"
  },
  {
   "deprecated": "false",
   "name": "LoseFocusFloatingView",
   "description": "Loses focus on the floating window.",
   "params": []
  },
  {
   "deprecated": "false",
   "name": "OverlapView",
   "description": "Through this block it is possible to overlap any visible component on another.\nmargins (list):\n\tindex 1 -> margin left (number)\n\tindex 2 -> margin top (number)\n\tindex 3 -> margin right(number)\n\tindex 4 -> margin bottom (number)\ngravity (number):\n\t0  -> TOP-LEFT\n\t1  -> TOP-CENTER\n\t2  -> TOP-RIGHT\n\t3  -> CENTER-LEFT\n\t4  -> CENTER\n\t5  -> CENTER-RIGHT\n\t6  -> BOTTOM-LEFT\n\t7  -> BOTTOM-CENTER\n\t8  -> BOTTOM-RIGHT",
   "params": [
    {
     "name": "mainComponent",
     "type": "component"
    },
    {
     "name": "childComponent",
     "type": "component"
    },
    {
     "name": "margins",
     "type": "list"
    },
    {
     "name": "gravity",
     "type": "number"
    }
   ]
  },
  {
   "deprecated": "false",
   "name": "RequestDrawOverlayPermission",
   "description": "Redirects to application settings to allow overlay permission.",
   "params": []
  },
  {
   "deprecated": "false",
   "name": "RequestFocusFloatingView",
   "description": "Prompts to focus on the floating window.",
   "params": []
  },
  {
   "deprecated": "false",
   "name": "RestoreFloatingView",
   "description": "Returns the floating window to the screen.",
   "params": []
  },
  {
   "deprecated": "false",
   "name": "SetPosition",
   "description": "Moves the floating view to the indicated coordinates.",
   "params": [
    {
     "name": "x",
     "type": "number"
    },
    {
     "name": "y",
     "type": "number"
    }
   ]
  },
  {
   "deprecated": "false",
   "name": "SetupView",
   "description": "Initializes the component you want to float.",
   "params": [
    {
     "name": "viewComponent",
     "type": "component"
    },
    {
     "name": "clickable",
     "type": "boolean"
    },
    {
     "name": "positionX",
     "type": "number"
    },
    {
     "name": "positionY",
     "type": "number"
    }
   ]
  },
  {
   "deprecated": "false",
   "name": "ShowFloatingView",
   "description": "Displays the floating component.",
   "params": []
  }
 ],
 "blockProperties": [
  {
   "rw": "read-only",
   "deprecated": "false",
   "name": "GetClickable",
   "description": "Checks whether the floating view is clickable.",
   "type": "boolean"
  },
  {
   "rw": "read-only",
   "deprecated": "false",
   "name": "GetFloatingViewVisible",
   "description": "Checks if the floating is present on the screen.",
   "type": "boolean"
  },
  {
   "rw": "write-only",
   "deprecated": "false",
   "name": "SetClickable",
   "description": "Adjusts whether the floating view is clickable",
   "type": "boolean"
  }
 ],
 "helpUrl": "https://github.com/jarlisson2/FloatingViewAIX",
 "type": "com.jdl.FloatingView.FloatingView",
 "androidMinSdk": 7,
 "version": "1",
 "external": "true",
 "showOnPalette": "true",
 "name": "FloatingView",
 "helpString": "Floating View <br> Developed by Jarlisson",
 "properties": [],
 "events": [
  {
   "deprecated": "false",
   "name": "ClickView",
   "description": "Executes after clicking on the floating component.",
   "params": []
  },
  {
   "deprecated": "false",
   "name": "PositionMoved",
   "description": "View moved from position",
   "params": [
    {
     "name": "x",
     "type": "number"
    },
    {
     "name": "y",
     "type": "number"
    }
   ]
  }
 ]
}]