{
  "project_info": {
    "project_number": "182200569676",
    "firebase_url": "https://rudrameet-961a7-default-rtdb.firebaseio.com",
    "project_id": "rudrameet-961a7",
    "storage_bucket": "rudrameet-961a7.appspot.com"
  },
  "client": [
    {
      "client_info": {
        "mobilesdk_app_id": "1:182200569676:android:eaeae0afedaf523bef89e9",
        "android_client_info": {
          "package_name": "com.appzard.rudrameet"
        }
      },
      "oauth_client": [
        {
          "client_id": "182200569676-1eu548oktg1sffou8hqcvv5h7um8651s.apps.googleusercontent.com",
          "client_type": 1,
          "android_info": {
            "package_name": "com.appzard.rudrameet",
            "certificate_hash": "d66303ad653071fb6b023bb5604d58a431647c6b"
          }
        },
        {
          "client_id": "182200569676-32squ0n31udssis25bdu25016mlj92qf.apps.googleusercontent.com",
          "client_type": 3
        }
      ],
      "api_key": [
        {
          "current_key": "AIzaSyDPzl5i6ehxv-CElg2IPL4VfSxicukXNIs"
        }
      ],
      "services": {
        "appinvite_service": {
          "other_platform_oauth_client": [
            {
              "client_id": "182200569676-32squ0n31udssis25bdu25016mlj92qf.apps.googleusercontent.com",
              "client_type": 3
            }
          ]
        }
      }
    }
  ],
  "configuration_version": "1"
}