[{
 "categoryString": "EXTENSION",
 "nonVisible": "true",
 "iconName": "https://rocketbrowser.site/extension.png",
 "methods": [
  {
   "deprecated": "false",
   "name": "DefaultTimeout",
   "description": "Get Default Screen Timeout.",
   "params": []
  },
  {
   "deprecated": "false",
   "name": "SetTimeout",
   "description": "Set Screen Timeout To Mili Sec.",
   "params": [{
    "name": "millisec",
    "type": "number"
   }]
  }
 ],
 "blockProperties": [],
 "helpUrl": "",
 "type": "com.appybuilder.saurav_shaw612.ScreenTimeout.ScreenTimeout",
 "version": "1",
 "external": "true",
 "showOnPalette": "true",
 "name": "ScreenTimeout",
 "helpString": "This Extension can change screen time to any mili sec and set back it to default.",
 "properties": [],
 "events": []
}]