[{
 "categoryString": "EXTENSION",
 "dateBuilt": "2020-06-03T20:33:23+0530",
 "nonVisible": "true",
 "iconName": "http://surprize4u.pe.hu/Images/developer_leo.png",
 "methods": [{
  "deprecated": "false",
  "name": "CreateProfileView",
  "description": "Method for CreateProfileView",
  "params": [{
   "name": "horizontalArrangement",
   "type": "component"
  }]
 }],
 "blockProperties": [
  {
   "rw": "write-only",
   "deprecated": "false",
   "name": "Border",
   "description": "",
   "type": "number"
  },
  {
   "rw": "write-only",
   "deprecated": "false",
   "name": "BorderColor",
   "description": "",
   "type": "number"
  },
  {
   "rw": "write-only",
   "deprecated": "false",
   "name": "IconHeight",
   "description": "",
   "type": "number"
  },
  {
   "rw": "write-only",
   "deprecated": "false",
   "name": "IconImage",
   "description": "",
   "type": "text"
  },
  {
   "rw": "write-only",
   "deprecated": "false",
   "name": "IconImageFromURL",
   "description": "",
   "type": "text"
  },
  {
   "rw": "write-only",
   "deprecated": "false",
   "name": "IconPosition",
   "description": "",
   "type": "number"
  },
  {
   "rw": "write-only",
   "deprecated": "false",
   "name": "IconVisible",
   "description": "",
   "type": "boolean"
  },
  {
   "rw": "write-only",
   "deprecated": "false",
   "name": "IconWidth",
   "description": "",
   "type": "number"
  },
  {
   "rw": "write-only",
   "deprecated": "false",
   "name": "ImageHeight",
   "description": "",
   "type": "number"
  },
  {
   "rw": "write-only",
   "deprecated": "false",
   "name": "ImageWidth",
   "description": "",
   "type": "number"
  },
  {
   "rw": "write-only",
   "deprecated": "false",
   "name": "MainImage",
   "description": "",
   "type": "text"
  },
  {
   "rw": "write-only",
   "deprecated": "false",
   "name": "MainImageFromURL",
   "description": "",
   "type": "text"
  }
 ],
 "helpUrl": "LeoProfileView extension Help You to make circle ImageView with icon at corners. <br> <a href='https://wa.me/916392099360' target='_blank'>Contact Us<\/a>",
 "type": "com.leo.LeoProfileView.LeoProfileView",
 "androidMinSdk": 7,
 "version": "3",
 "external": "true",
 "showOnPalette": "true",
 "name": "LeoProfileView",
 "helpString": "LeoProfileView extension Help You to make circle ImageView with icon at corners. <br> <a href='https://wa.me/916392099360' target='_blank'>Contact Us<\/a>",
 "properties": [
  {
   "defaultValue": "2",
   "name": "Border",
   "editorArgs": [],
   "editorType": "integer"
  },
  {
   "defaultValue": "&HFF000000",
   "name": "BorderColor",
   "editorArgs": [],
   "editorType": "color"
  },
  {
   "defaultValue": "100",
   "name": "IconHeight",
   "editorArgs": [],
   "editorType": "non_negative_integer"
  },
  {
   "defaultValue": "",
   "name": "IconImage",
   "editorArgs": [],
   "editorType": "asset"
  },
  {
   "defaultValue": "4",
   "name": "IconPosition",
   "editorArgs": [],
   "editorType": "integer"
  },
  {
   "defaultValue": "True",
   "name": "IconVisible",
   "editorArgs": [],
   "editorType": "boolean"
  },
  {
   "defaultValue": "100",
   "name": "IconWidth",
   "editorArgs": [],
   "editorType": "non_negative_integer"
  },
  {
   "defaultValue": "250",
   "name": "ImageHeight",
   "editorArgs": [],
   "editorType": "non_negative_integer"
  },
  {
   "defaultValue": "250",
   "name": "ImageWidth",
   "editorArgs": [],
   "editorType": "non_negative_integer"
  },
  {
   "defaultValue": "",
   "name": "MainImage",
   "editorArgs": [],
   "editorType": "asset"
  }
 ],
 "events": [
  {
   "deprecated": "false",
   "name": "OnIconClick",
   "description": "Event for OnIconClick",
   "params": []
  },
  {
   "deprecated": "false",
   "name": "OnIconLongClick",
   "description": "Event for OnIconLongClick",
   "params": []
  },
  {
   "deprecated": "false",
   "name": "OnImageClick",
   "description": "Event for OnImageClick",
   "params": []
  },
  {
   "deprecated": "false",
   "name": "OnImageLongClick",
   "description": "Event for OnImageLongClick",
   "params": []
  }
 ]
}]