[{"categoryString":"EXTENSION","dateBuilt":"2020-05-26T19:46:41+0530","nonVisible":"true","iconName":"https://res.cloudinary.com/andromedaviewflyvipul/image/upload/c_scale,h_20,w_20/v1571472765/ktvu4bapylsvnykoyhdm.png","methods":[{"deprecated":"false","name":"CanGoBack","description":"Gets whether this WebView has a back history item.","params":[],"returnType":"boolean"},{"deprecated":"false","name":"CanGoBackOrForward","description":"Gets whether the page can go back or forward the given number of steps.","params":[{"name":"steps","type":"number"}],"returnType":"boolean"},{"deprecated":"false","name":"CanGoForward","description":"Gets whether this WebView has a forward history item.","params":[],"returnType":"boolean"},{"deprecated":"false","name":"CancelPrinting","description":"Cancels current print job. You can request cancellation of a queued, started, blocked, or failed print job.","params":[]},{"deprecated":"false","name":"ClearCache","description":"Clears the resource cache.","params":[]},{"deprecated":"false","name":"ClearCookies","description":"Removes all cookies and raises 'CookiesRemoved' event","params":[]},{"deprecated":"false","name":"ClearInternalHistory","description":"Tells this WebView to clear its internal back/forward list.","params":[]},{"deprecated":"false","name":"ClearLocation","description":"Clear all location preferences.","params":[]},{"deprecated":"false","name":"ClearMatches","description":"Clears the highlighting surrounding text matches.","params":[]},{"deprecated":"false","name":"ConfirmJs","description":"Whether to proceed JavaScript originated request","params":[{"name":"confirm","type":"boolean"}]},{"deprecated":"false","name":"ContentHeight","description":"Gets height of HTML content","params":[],"returnType":"number"},{"deprecated":"false","name":"ContinueJs","description":"Inputs a confirmation response to Js","params":[{"name":"input","type":"text"}]},{"deprecated":"false","name":"CreateWebView","description":"Arrangement to create webview","params":[{"name":"container","type":"component"}]},{"deprecated":"false","name":"DestroyWebView","description":"Destroys the webview and removes it completely from view system","params":[]},{"deprecated":"false","name":"DismissJsAlert","description":"Dismiss previously requested Js alert","params":[]},{"deprecated":"false","name":"Download","description":"Downloads the file from url","params":[{"name":"url","type":"text"},{"name":"mimeType","type":"text"},{"name":"contentDisposition","type":"text"},{"name":"fileName","type":"text"},{"name":"downloadDir","type":"text"}]},{"deprecated":"false","name":"EvaluateJavaScript","description":"Asynchronously evaluates JavaScript in the context of the currently displayed page.","params":[{"name":"script","type":"text"}]},{"deprecated":"false","name":"Find","description":"Finds all instances of find on the page and highlights them, asynchronously. Successive calls to this will cancel any pending searches.","params":[{"name":"string","type":"text"}]},{"deprecated":"false","name":"FindNext","description":"Highlights and scrolls to the next match if 'forward' is true else scrolls to previous match.","params":[{"name":"forward","type":"boolean"}]},{"deprecated":"false","name":"GetCookies","description":"Get cookies for specific url","params":[{"name":"url","type":"text"}],"returnType":"text"},{"deprecated":"false","name":"GetSslCertificate","description":"Gets the SSL certificate for the main top-level page and raises 'GotCertificate' event","params":[]},{"deprecated":"false","name":"GetUrlToOpen","description":"Returns the url which launched this activity","params":[],"returnType":"text"},{"deprecated":"false","name":"GoBack","description":"Goes back in the history of this WebView.","params":[]},{"deprecated":"false","name":"GoBackOrForward","description":"Goes to the history item that is the number of steps away from the current item. Steps is negative if backward and positive if forward.","params":[{"name":"steps","type":"number"}]},{"deprecated":"false","name":"GoForward","description":"Goes forward in the history of this WebView.","params":[]},{"deprecated":"false","name":"GoToUrl","description":"Loads the given URL.","params":[{"name":"url","type":"text"}]},{"deprecated":"false","name":"GrantPermission","description":"Grants permissions to webview.It accepts a list of permissions.","params":[{"name":"permissions","type":"list"}]},{"deprecated":"false","name":"LoadHtml","description":"Loads the given data into this WebView using a 'data' scheme URL.","params":[{"name":"html","type":"text"}]},{"deprecated":"false","name":"PrintWebContent","description":"Prints the content of webview with color mode(Use 2 for color scheme , 1 for monochrome scheme and 0 for default scheme. )","params":[]},{"deprecated":"false","name":"ProceedHttpAuthRequest","description":"Instructs the WebView to proceed with the authentication with the given credentials.If both parameters are empty then it will cancel the request.","params":[{"name":"username","type":"text"},{"name":"password","type":"text"}]},{"deprecated":"false","name":"Reload","description":"Reloads the current URL.","params":[]},{"deprecated":"false","name":"RestartPrinting","description":"Restarts current/previous print job. You can request restart of a failed print job.","params":[]},{"deprecated":"false","name":"ResubmitForm","description":"Whether to resubmit form or not.","params":[{"name":"reSubmit","type":"boolean"}]},{"deprecated":"false","name":"StopLoading","description":"Stops the current load.","params":[]},{"deprecated":"false","name":"UploadFile","description":"Uploads the given file from content uri","params":[{"name":"contentUri","type":"text"}]}],"blockProperties":[{"rw":"read-write","deprecated":"false","name":"AutoLoadImages","description":"Sets whether the WebView should load image resources","type":"boolean"},{"rw":"read-write","deprecated":"false","name":"AutoplayMedia","description":"Sets whether the WebView requires a user gesture to play media","type":"boolean"},{"rw":"write-only","deprecated":"false","name":"BackgroundColor","description":"Sets background color of webview","type":"number"},{"rw":"read-write","deprecated":"false","name":"BlockNetworkLoads","description":"Sets whether the WebView should not load resources from the network.Use this to save data.","type":"boolean"},{"rw":"read-only","deprecated":"false","name":"CurrentPageTitle","description":"Title of the page currently viewed","type":"text"},{"rw":"read-only","deprecated":"false","name":"CurrentUrl","description":"URL of the page currently viewed","type":"text"},{"rw":"read-write","deprecated":"false","name":"DeepLinks","description":"Sets whether to enable deep links or not","type":"boolean"},{"rw":"read-write","deprecated":"false","name":"DesktopMode","description":"Sets whether to load content in desktop mode","type":"boolean"},{"rw":"write-only","deprecated":"false","name":"DisplayZoom","description":"Sets whether the WebView should display on-screen zoom controls","type":"boolean"},{"rw":"read-write","deprecated":"false","name":"EnableJS","description":"Tells the WebView to enable JavaScript execution.","type":"boolean"},{"rw":"read-write","deprecated":"false","name":"FileAccess","description":"Sets whether webview can access local files.Use this to enable file uploading and loading files using HTML","type":"boolean"},{"rw":"read-write","deprecated":"false","name":"FollowLinks","description":"Determines whether to follow links when they are tapped in the WebViewer.  If you follow links, you can use GoBack and GoForward to navigate the browser history.","type":"boolean"},{"rw":"read-write","deprecated":"false","name":"FontSize","description":"Sets the default font size of text. The default is 16.","type":"number"},{"rw":"read-write","deprecated":"false","name":"IgnoreSslErrors","description":"Returns whether webview ignores SSL errors","type":"boolean"},{"rw":"read-write","deprecated":"false","name":"LoadWithOverviewMode","description":"Sets whether the WebView loads pages in overview mode, that is, zooms out the content to fit on screen by width. This setting is taken into account when the content width is greater than the width of the WebView control.","type":"boolean"},{"rw":"read-write","deprecated":"false","name":"LongClickable","description":"Sets whether to enable text selection and context menu","type":"boolean"},{"rw":"read-write","deprecated":"false","name":"PromptForPermission","description":"Returns whether webview will prompt for permission and raise 'OnPermissionRequest' event or not","type":"boolean"},{"rw":"write-only","deprecated":"false","name":"Scrollbar","description":"Whether to display horizonatal and vertical scrollbars or not","type":"boolean"},{"rw":"read-write","deprecated":"false","name":"SupportMultipleWindows","description":"Sets whether the WebView supports multiple windows","type":"boolean"},{"rw":"read-write","deprecated":"false","name":"UseWideViewPort","description":"Sets whether the WebView should enable support for the 'viewport' HTML meta tag or should use a wide viewport.","type":"boolean"},{"rw":"read-write","deprecated":"false","name":"UserAgent","description":"Get webview user agent","type":"text"},{"rw":"invisible","deprecated":"false","name":"UsesLocation","description":"Whether or not to give the application permission to use the Javascript geolocation API","type":"boolean"},{"rw":"read-write","deprecated":"false","name":"Visible","description":"Sets the visibility of webview","type":"boolean"},{"rw":"read-write","deprecated":"false","name":"WebViewString","description":"Set webview string","type":"text"},{"rw":"invisible","deprecated":"false","name":"WebviewHArrangement","description":"Property for WebviewHArrangement","type":"component"},{"rw":"invisible","deprecated":"false","name":"WebviewVArrangement","description":"Property for WebviewVArrangement","type":"component"},{"rw":"write-only","deprecated":"false","name":"ZoomEnabled","description":"Sets whether the WebView should support zooming using its on-screen zoom controls and gestures","type":"boolean"},{"rw":"write-only","deprecated":"false","name":"ZoomPercent","description":"Sets the zoom of the page in percent. The default is 100","type":"number"}],"helpUrl":"https://github.com/vknow360/CustomWebView","type":"com.sunny.CustomWebView.CustomWebView","androidMinSdk":7,"version":"4","external":"true","showOnPalette":"true","name":"CustomWebView","helpString":"An extended form of Web Viewer <br> Developed by Sunny Gupta","properties":[{"defaultValue":"True","name":"AutoLoadImages","editorArgs":[],"editorType":"boolean"},{"defaultValue":"False","name":"AutoplayMedia","editorArgs":[],"editorType":"boolean"},{"defaultValue":"False","name":"BlockNetworkLoads","editorArgs":[],"editorType":"boolean"},{"defaultValue":"False","name":"DeepLinks","editorArgs":[],"editorType":"boolean"},{"defaultValue":"False","name":"DesktopMode","editorArgs":[],"editorType":"boolean"},{"defaultValue":"True","name":"DisplayZoom","editorArgs":[],"editorType":"boolean"},{"defaultValue":"True","name":"EnableJS","editorArgs":[],"editorType":"boolean"},{"defaultValue":"False","name":"FileAccess","editorArgs":[],"editorType":"boolean"},{"defaultValue":"True","name":"FollowLinks","editorArgs":[],"editorType":"boolean"},{"defaultValue":"16","name":"FontSize","editorArgs":[],"editorType":"integer"},{"defaultValue":"False","name":"IgnoreSslErrors","editorArgs":[],"editorType":"boolean"},{"defaultValue":"True","name":"LoadWithOverviewMode","editorArgs":[],"editorType":"boolean"},{"defaultValue":"True","name":"LongClickable","editorArgs":[],"editorType":"boolean"},{"defaultValue":"True","name":"PromptForPermission","editorArgs":[],"editorType":"boolean"},{"defaultValue":"True","name":"Scrollbar","editorArgs":[],"editorType":"boolean"},{"defaultValue":"True","name":"SupportMultipleWindows","editorArgs":[],"editorType":"boolean"},{"defaultValue":"True","name":"UseWideViewPort","editorArgs":[],"editorType":"boolean"},{"defaultValue":"","name":"UserAgent","editorArgs":[],"editorType":"string"},{"defaultValue":"False","name":"UsesLocation","editorArgs":[],"editorType":"boolean"},{"defaultValue":"True","name":"Visible","editorArgs":[],"editorType":"boolean"},{"defaultValue":"","name":"WebviewHArrangement","editorArgs":[],"editorType":"component:com.google.appinventor.components.runtime.HorizontalArrangement"},{"defaultValue":"","name":"WebviewVArrangement","editorArgs":[],"editorType":"component:com.google.appinventor.components.runtime.VerticalArrangement"},{"defaultValue":"True","name":"ZoomEnabled","editorArgs":[],"editorType":"boolean"},{"defaultValue":"100","name":"ZoomPercent","editorArgs":[],"editorType":"integer"}],"events":[{"deprecated":"false","name":"AfterJavaScriptEvaluated","description":"Event raised after evaluating Js with result.","params":[{"name":"result","type":"text"}]},{"deprecated":"false","name":"CookiesRemoved","description":"Event raised after 'ClearCokies' method with result","params":[{"name":"successful","type":"boolean"}]},{"deprecated":"false","name":"FileUploadNeeded","description":"Event raised when file uploading is needed","params":[]},{"deprecated":"false","name":"FindResultReceived","description":"Event raised after 'Find' method with int 'activeMatchOrdinal','numberOfMatches' and 'isDoneCounting'","params":[{"name":"activeMatchOrdinal","type":"number"},{"name":"numberOfMatches","type":"number"},{"name":"isDoneCounting","type":"boolean"}]},{"deprecated":"false","name":"GotCertificate","description":"Event raised after getting SSL certificate of current displayed url/website with boolean 'isSecure' and Strings 'issuedBy','issuedTo' and 'validTill'.If 'isSecure' is false and other values are empty then assume that website is not secure","params":[{"name":"isSecure","type":"boolean"},{"name":"issuedBy","type":"text"},{"name":"issuedTo","type":"text"},{"name":"validTill","type":"text"}]},{"deprecated":"false","name":"GotPrintResult","description":"Event raised after getting previus print's result.","params":[{"name":"id","type":"text"},{"name":"isCompleted","type":"boolean"},{"name":"isFailed","type":"boolean"},{"name":"isBlocked","type":"boolean"}]},{"deprecated":"false","name":"LongClicked","description":"Event raised when something is long clicked in webview with item(image,string,empty,etc) and type(item type like 0,1,8,etc)","params":[{"name":"item","type":"text"},{"name":"type","type":"number"}]},{"deprecated":"false","name":"OnConsoleMessage","description":"Event raised after getting console message.","params":[{"name":"message","type":"text"},{"name":"lineNumber","type":"number"},{"name":"sourceID","type":"number"},{"name":"level","type":"text"}]},{"deprecated":"false","name":"OnDownloadNeeded","description":"Event raised when downloading is needed.","params":[{"name":"url","type":"text"},{"name":"contentDisposition","type":"text"},{"name":"mimeType","type":"text"},{"name":"size","type":"number"}]},{"deprecated":"false","name":"OnErrorReceived","description":"Event raised when any error is received during loading url and returns message,error code and failing url","params":[{"name":"message","type":"text"},{"name":"errorCode","type":"number"},{"name":"url","type":"text"}]},{"deprecated":"false","name":"OnFormResubmission","description":"Event raised when resubmission of form is needed","params":[]},{"deprecated":"false","name":"OnJsAlert","description":"Event raised when Js have to show an alert to user","params":[{"name":"url","type":"text"},{"name":"message","type":"text"}]},{"deprecated":"false","name":"OnJsConfirm","description":"Tells to display a confirm dialog to the user.","params":[{"name":"url","type":"text"},{"name":"message","type":"text"}]},{"deprecated":"false","name":"OnJsPrompt","description":"Event raised when JavaScript needs input from user","params":[{"name":"url","type":"text"},{"name":"message","type":"text"},{"name":"defaultValue","type":"text"}]},{"deprecated":"false","name":"OnNewWindowRequest","description":"Event raised when new window is requested by webview with target url ,boolean 'isDialog' and 'isPopup'","params":[{"name":"url","type":"text"},{"name":"isDialog","type":"boolean"},{"name":"isPopup","type":"boolean"}]},{"deprecated":"false","name":"OnPermissionRequest","description":"Event raised when a website asks for specific permission(s) in list format.","params":[{"name":"permissionsList","type":"list"}]},{"deprecated":"false","name":"OnProgressChanged","description":"Event raised when page loading progress has changed.","params":[{"name":"progress","type":"number"}]},{"deprecated":"false","name":"OnReceivedHttpAuthRequest","description":"Notifies that the WebView received an HTTP authentication request.","params":[{"name":"host","type":"text"},{"name":"realm","type":"text"}]},{"deprecated":"false","name":"PageLoaded","description":"Event raised when page loading has finished.","params":[]},{"deprecated":"false","name":"PageStarted","description":"Event indicating that page loading has started in web view.","params":[{"name":"url","type":"text"}]},{"deprecated":"false","name":"WebViewStringChange","description":"When the JavaScript calls AppInventor.setWebViewString this event is run.","params":[{"name":"value","type":"text"}]}]}]